<?xml version="1.0" encoding="UTF-8"?>
<project-private xmlns="http://www.netbeans.org/ns/project-private/1">
    <editor-bookmarks xmlns="http://www.netbeans.org/ns/editor-bookmarks/2" lastBookmarkId="0"/>
    <open-files xmlns="http://www.netbeans.org/ns/projectui-open-files/2">
        <group>
            <file>file:/C:/TUGAS%20RARA/tugas%20rarakuliah/materi/semester%204/praktikum%20pbo/projekPraktikum/puskesmas/src/com/raven/main/Main.java</file>
            <file>file:/C:/TUGAS%20RARA/tugas%20rarakuliah/materi/semester%204/praktikum%20pbo/projekPraktikum/puskesmas/src/com/raven/component/PanelCover.java</file>
            <file>file:/C:/TUGAS%20RARA/tugas%20rarakuliah/materi/semester%204/praktikum%20pbo/projekPraktikum/puskesmas/src/com/raven/swing/ButtonOutLine.java</file>
            <file>file:/C:/TUGAS%20RARA/tugas%20rarakuliah/materi/semester%204/praktikum%20pbo/projekPraktikum/puskesmas/src/com/raven/component/PanelLoginAndRegister.java</file>
            <file>file:/C:/TUGAS%20RARA/tugas%20rarakuliah/materi/semester%204/praktikum%20pbo/projekPraktikum/puskesmas/src/auth/User.java</file>
        </group>
    </open-files>
</project-private>
